name,age,job
Alexander,39,Manager
Alice,50,Analyst
Amanda,34,Accountant
Andrew,57,Teacher
Angela,30,Developer
Anna,54,Nurse
Anthony,25,Designer
Ashley,53,Teacher
Barbara,33,Lawyer
Benjamin,31,Doctor
Betty,36,Nurse
Brian,57,Engineer
Carol,61,Accountant
Charles,58,Lawyer
Christopher,52,Designer
Daniel,60,Doctor
David,63,Accountant
Deborah,39,Doctor
Donald,27,Manager
Donna,24,Manager
Dorothy,32,Developer
Edward,55,Nurse
Elizabeth,22,Doctor
Emily,63,Engineer
Emma,59,Lawyer
Eric,24,Lawyer
Frances,25,Nurse
Frank,35,Engineer
Gary,28,Manager
George,51,Engineer
Helen,47,Analyst
Henry,43,Lawyer
James,40,Lawyer
Jason,33,Analyst
Jennifer,45,Nurse
Jessica,24,Developer
John,30,Doctor
Joseph,64,Doctor
Joshua,23,Manager
Karen,40,Designer
Kimberly,25,Manager
Larry,43,Accountant
Laura,45,Lawyer
Linda,55,Analyst
Lisa,33,Designer
Margaret,23,Lawyer
Maria,41,Manager
Mark,48,Manager
Mary,46,Designer
Matthew,54,Analyst
Michael,63,Analyst
Michelle,58,Engineer
Nancy,41,Doctor
Nicole,34,Manager
Noah,51,Analyst
Olivia,36,Nurse
Patricia,29,Engineer
Paul,35,Developer
Rachel,45,Developer
Rebecca,62,Analyst
Richard,43,Manager
Robert,53,Accountant
Ronald,53,Doctor
Ruth,59,Engineer
Sandra,56,Developer
Sarah,22,Designer
Scott,31,Lawyer
Sharon,21,Analyst
Sophia,22,Doctor
Stephen,23,Developer
Steven,58,Designer
Susan,45,Developer
Thomas,59,Manager
Timothy,45,Engineer
Victoria,39,Designer
Virginia,21,Developer
Walter,39,Nurse
Wayne,24,Nurse
William,59,Developer
Abigail,65,Teacher
Adam,21,Engineer
Adrian,62,Nurse
Albert,31,Nurse
Andrea,30,Manager
Annie,37,Accountant
Arthur,58,Nurse
Austin,39,Manager
Brenda,54,Engineer
Bruce,51,Developer
Carl,36,Nurse
Catherine,46,Nurse
Christine,29,Analyst
Cynthia,20,Accountant
Diane,55,Accountant
Douglas,59,Engineer
Eugene,26,Nurse
Hannah,57,Nurse
Harold,41,Analyst
Isabella,56,Doctor
Jack,57,Designer
Jacob,42,Analyst
Jane,35,Developer
Janet,35,Accountant
Jerry,57,Developer
Joan,33,Analyst
Jonathan,20,Engineer
Juan,34,Developer
Julie,52,Manager
Justin,61,Developer
Katherine,45,Accountant
Keith,45,Designer
Kevin,33,Engineer
Laura,50,Doctor
Louis,33,Doctor
Martha,61,Analyst
Mason,50,Manager
Nathan,65,Manager
Noah,53,Engineer
Peter,23,Doctor
Ralph,34,Developer
Raymond,29,Teacher
Roger,22,Teacher
Ryan,45,Teacher
Samantha,27,Designer
Sean,37,Manager
Shirley,50,Analyst
Tyler,23,Engineer
Virginia,21,Manager
Willie,55,Manager
